tier,model_path,mae,rmse,mape_pct,smape_pct,best_iter
highest,xgb_sku_highest_model.ubj,0.6201688139281282,0.7413998256433824,13.166347237368504,12.001736831887388,50
inventory,xgb_inventory_model.ubj,0.2755596405917108,0.3298890865869828,4.749634349115159,4.704244231997133,42
medium,xgb_sku_medium_model.ubj,0.423191129459917,0.4773203882134697,9.19334705541176,8.95320342916786,2
rest,xgb_sku_rest_model.ubj,0.34843158420564646,0.5306677999251247,9.574307935675517,8.6379625701563,226
