tier,model_path,mae,rmse,mape_pct,smape_pct,best_iter
highest,xgb_sku_highest_model.ubj,0.48723605616549015,0.6810415534552813,11.722750791115422,10.725190113000508,61
inventory,xgb_inventory_model.ubj,0.42118497907379293,0.5746154003091407,7.79041911465472,7.389266079748885,50
medium,xgb_sku_medium_model.ubj,0.6786722543314662,0.7724492689584935,15.050030194005739,14.67254105899313,163
rest,xgb_sku_rest_model.ubj,0.5446540892457236,0.7569671111336345,18.37924057479949,15.504241470391253,34
solo::CU-1,xgb_sku_solo_CU_1_model.ubj,0.45898107517099335,0.5661693103433504,12.52165934257296,12.579736152349449,12
solo::SC15,xgb_sku_solo_SC15_model.ubj,1.0499837057639176,1.2774052955996535,122.68179964496359,59.999317166940635,14
solo::SC5,xgb_sku_solo_SC5_model.ubj,0.8126814134147203,0.8758391974557608,46.79661220179984,36.18968402590791,38
